data,博时裕富沪深300指数证券投资基金(050002)
1,0.9700
2,0.9620
3,0.9700
4,0.9720
5,0.9710
6,0.9870
7,0.9850
8,0.9790
9,0.9760
10,0.9660
11,0.9680
12,0.9630
13,0.9680
14,0.9880
15,0.9820
16,0.9820
17,0.9770
18,0.9790
19,0.9780
20,0.9700
21,0.9710
22,0.9820
23,0.9980
24,0.9980
25,0.9880
26,0.9760
27,0.9820
28,0.9820
29,0.9680
30,0.9690
31,0.9740
32,0.9710
33,0.9620
34,0.9720
35,0.9890
36,0.9820
37,1.0030
38,1.0040
39,1.0060
40,0.9930
41,0.9990
42,1.0180
43,1.0190
44,1.0240
45,1.0280
46,1.0270
47,1.0190
48,1.0240
49,1.0370
50,1.0380
51,1.0360
52,1.0370
53,1.0350
54,1.0290
55,1.0370
56,1.0380
57,1.0640
58,1.0690
59,1.0800
60,1.0780
61,1.0770
62,1.0680
63,1.0760
64,1.0660
65,1.0770
66,1.1120
67,1.1210
68,1.1310
69,1.1420
70,1.1240
71,1.1480
72,1.1430
73,1.1300
74,1.1280
75,1.1340
76,1.1480
77,1.1220
78,1.1410
79,1.1500
80,1.1700
81,1.1700
82,1.1680
83,1.1820
84,1.1750
85,1.1700
86,1.1590
87,1.1580
88,1.1790
89,1.1820
90,1.1900
91,1.1870
92,1.1900
93,1.1670
94,1.1680
95,1.1490
96,1.1570
97,1.1670
98,1.1740
99,1.1700
100,1.1560
101,1.1610
102,1.1560
103,1.1430
104,1.1420
105,1.1640
106,1.1730
107,1.1740
108,1.1980
109,1.2020
110,1.2030
111,1.1850
112,1.1990
113,1.2000
114,1.1900
115,1.1890
116,1.1900
117,1.1910
118,1.1810
119,1.1820
120,1.1900
121,1.2000
122,1.2060
123,1.2000
124,1.2050
125,1.2030
126,1.2000
127,1.1780
128,1.1720
129,1.1650
130,1.1520
131,1.1430
132,1.1510
133,1.1360
134,1.1270
135,1.1200
136,1.1250
137,1.1130
138,1.1140
139,1.1070
140,1.1030
141,1.0840
142,1.0930
143,1.0710
144,1.0750
145,1.0940
146,1.0910
147,1.0730
148,1.0650
149,1.0720
150,1.0720
151,1.0680
152,1.0730
153,1.0700
154,1.0570
155,1.0630
156,1.0810
157,1.0760
158,1.0800
159,1.0920
160,1.0840
161,1.0720
162,1.0710
163,1.0600
164,0.9990
165,0.9870
166,0.9900
167,0.9890
168,0.9730
169,0.9850
170,0.9910
171,0.9740
172,0.9640
173,0.9660
174,0.9730
175,0.9680
176,0.9620
177,0.9520
178,0.9460
179,0.9580
180,0.9550
181,0.9760
182,0.9780
183,0.9780
184,0.9810
185,0.9740
186,0.9760
187,0.9720
188,0.9570
189,0.9600
190,0.9630
191,0.9730
192,0.9920
193,0.9940
194,0.9880
195,0.9880
196,0.9680
197,0.9700
198,0.9610
199,0.9580
200,0.9620
201,0.9700
202,0.9610
203,0.9550
204,0.9490
205,0.9700
206,0.9600
207,0.9600
208,0.9650
209,0.9690
210,0.9600
211,0.9530
212,0.9550
213,0.9490
214,0.9530
215,0.9540
216,0.9460
217,0.9470
218,0.9370
219,0.9430
220,0.9400
221,0.9390
222,0.9310
223,0.9290
224,0.9400
225,0.9290
226,0.9320
227,0.9300
228,0.9260
229,0.9270
230,0.9200
231,0.9080
232,0.9100
233,0.8960
234,0.9150
235,0.9430
236,0.9500
237,0.9740
238,0.9990
239,0.9930
240,0.9790
241,1.0060
242,0.9940
243,0.9910
244,0.9970
245,0.9890
246,0.9810
247,0.9960
248,0.9910
249,0.9730
250,0.9750
251,0.9480
252,0.9500
253,0.9510
254,0.9530
255,0.9530
256,0.9450
257,0.9550
258,0.9450
259,0.9520
260,0.9580
261,0.9560
262,0.9430
263,0.9340
264,0.9310
265,0.9430
266,0.9290
267,0.9290
268,0.9300
269,0.9320
270,0.9580
271,0.9530
272,0.9550
273,0.9630
274,0.9630
275,0.9560
276,0.9630
277,0.9660
278,0.9650
279,0.9560
280,0.9530
281,0.9530
282,0.9510
283,0.9420
284,0.9420
285,0.9380
286,0.9340
287,0.9350
288,0.9350
289,0.9280
290,0.9290
291,0.9380
292,0.9290
293,0.9270
294,0.9250
295,0.9300
296,0.9270
297,0.9190
298,0.9080
299,0.9060
300,0.9250
301,0.9120
302,0.9120
303,0.9090
304,0.9090
305,0.9060
306,0.9070
307,0.9050
308,0.8890
309,0.8950
310,0.8870
311,0.8880
312,0.8960
313,0.8990
314,0.8980
315,0.8980
316,0.8920
317,0.8740
318,0.8790
319,0.8730
320,0.8650
321,0.8880
322,0.9000
323,0.9020
324,0.8960
325,0.8830
326,0.8810
327,0.8730
328,0.8760
329,0.9170
330,0.9070
331,0.9280
332,0.9320
333,0.9260
334,0.9140
335,0.9310
336,0.9480
337,0.9430
338,0.9430
339,0.9450
340,0.9390
341,0.9350
342,0.9230
343,0.9280
344,0.9260
345,0.9310
346,0.9470
347,0.9440
348,0.9240
349,0.9290
350,0.9350
351,0.9190
352,0.9110
353,0.9020
354,0.8920
355,0.8950
356,0.8840
357,0.8770
358,0.8800
359,0.8790
360,0.8780
361,0.8740
362,0.8600
363,0.8650
364,0.8960
365,0.8830
366,0.8780
367,0.8950
368,0.9020
369,0.9170
370,0.9080
371,0.8960
372,0.9130
373,0.9030
374,0.8940
375,0.8860
376,0.8870
377,0.8760
378,0.8720
379,0.8700
380,0.8660
381,0.8720
382,0.8640
383,0.8750
384,0.8680
385,0.8490
386,0.8520
387,0.8410
388,0.8240
389,0.8230
390,0.8130
391,0.8160
392,0.8160
393,0.8170
394,0.8170
395,0.8000
396,0.8020
397,0.8020
398,0.7910
399,0.7840
400,0.7880
401,0.7880
402,0.7720
403,0.7520
404,0.7530
405,0.7740
406,0.7710
407,0.8330
408,0.8380
409,0.8220
410,0.8190
411,0.8130
412,0.8010
413,0.8120
414,0.8130
415,0.8360
416,0.8270
417,0.8310
418,0.8260
419,0.8300
420,0.8440
421,0.8350
422,0.8320
423,0.8160
424,0.8030
425,0.8030
426,0.7970
427,0.7900
428,0.7920
429,0.7810
430,0.7780
431,0.8020
432,0.7970
433,0.8010
434,0.7960
435,0.7900
436,0.7920
437,0.7980
438,0.7990
439,0.8120
440,0.8090
441,0.8250
442,0.8400
443,0.8380
444,0.8350
445,0.8380
446,0.8470
447,0.8520
448,0.8470
449,0.8640
450,0.8670
451,0.8700
452,0.8750
453,0.8890
454,0.8770
455,0.8930
456,0.8830
457,0.8890
458,0.8690
459,0.8710
460,0.8770
461,0.8710
462,0.8770
463,0.8740
464,0.8720
465,0.8620
466,0.8600
467,0.8710
468,0.8830
469,0.8850
470,0.8880
471,0.8760
472,0.8880
473,0.8900
474,0.8860
475,0.8850
476,0.8960
477,0.9010
478,0.8990
479,0.8970
480,0.8980
481,0.8910
482,0.8750
483,0.8590
484,0.8540
485,0.8550
486,0.8430
487,0.8430
488,0.8540
489,0.8550
490,0.8470
491,0.8560
492,0.8580
493,0.8520
494,0.8410
495,0.8340
496,0.8370
497,0.8330
498,0.8350
499,0.8380
500,0.8390
501,0.8290
502,0.8130
503,0.8140
504,0.8070
505,0.8160
506,0.8130
507,0.8200
508,0.8130
509,0.8160
510,0.8130
511,0.8160
512,0.8150
513,0.8020
514,0.8030
515,0.8000
516,0.7960
517,0.8010
518,0.8010
519,0.8170
520,0.8180
521,0.8070
522,0.8130
523,0.8180
524,0.8210
525,0.8180
526,0.8100
527,0.8110
528,0.8100
529,0.8110
530,0.8050
531,0.8110
532,0.8180
533,0.8190
534,0.8290
535,0.8290
536,0.8300
537,0.8360
538,0.8360
539,0.8410
540,0.8420
541,0.8460
542,0.8430
543,0.8490
544,0.8540
545,0.8590
546,0.8570
547,0.8590
548,0.8750
549,0.8680
550,0.8680
551,0.8840
552,0.9000
553,0.9090
554,0.9110
555,0.9130
556,0.9080
557,0.9150
558,0.9100
559,0.8960
560,0.8990
561,0.9140
562,0.9210
563,0.9210
564,0.9220
565,0.9250
566,0.9340
567,0.9540
568,0.9510
569,0.9530
570,0.9410
571,0.9510
572,0.9520
573,0.9570
574,0.9600
575,0.9430
576,0.9460
577,0.9470
578,0.9610
579,0.9610
580,0.9410
581,0.9510
582,0.9520
583,0.9570
584,0.9600
585,0.9430
586,0.9460
587,0.9470
588,0.9610
589,0.9610
590,0.9400
591,0.9450
592,0.9550
593,0.9530
594,0.9620
595,0.9600
596,0.9570
597,0.9680
598,0.9700
599,0.9750
600,0.9750
601,0.9710
602,0.9760
603,0.9810
604,0.9910
605,0.9850
606,0.9900
607,1.0040
608,1.0110
609,1.0220
610,0.9750
611,0.9710
612,0.9760
613,0.9810
614,0.9910
615,0.9850
616,0.9900
617,1.0040
618,1.0110
619,1.0220
620,1.0220
621,1.0190
622,1.0330
623,1.0400
624,1.0340
625,1.0160
626,1.0370
627,1.0440
628,1.0510
629,1.0640
630,1.0590
631,1.0720
632,1.0690
633,1.0650
634,1.0790
635,1.0790
636,1.0920
637,1.1310
638,1.1570
639,1.1640
640,1.2150
641,1.2350
642,1.2660
643,1.2770
644,1.2680
645,1.2950
646,1.2800
647,1.2890
648,1.2880
649,1.2260
650,1.2330
651,1.2090
652,1.2160
653,1.2150
654,1.2020
655,1.2030
656,1.2280
657,1.2420
658,1.2450
659,1.2410
660,1.2390
661,1.2450
662,1.2660
663,1.2660
664,1.2660
665,1.2940
666,1.2940
667,1.3150
668,1.3030
669,1.2860
670,1.3040
671,1.2940
672,1.2950
673,1.3000
674,1.3000
675,1.2450
676,1.2550
677,1.2660
678,1.2660
679,1.2380
680,1.3040
681,1.2940
682,1.2950
683,1.3000
684,1.3000
685,1.2450
686,1.2550
687,1.2660
688,1.2660
689,1.2380
690,1.2450
691,1.2540
692,1.2550
693,1.2670
694,1.2650
695,1.2530
696,1.2420
697,1.2050
698,1.1970
699,1.1920
700,1.1900
701,1.1680
702,1.1550
703,1.1760
704,1.1740
705,1.1920
706,1.1940
707,1.1710
708,1.1880
709,1.2020
710,1.2470
711,1.2310
712,1.2450
713,1.2470
714,1.2510
715,1.2380
716,1.2410
717,1.2490
718,1.2570
719,1.2550
720,1.2540
721,1.2780
722,1.2860
723,1.2890
724,1.2890
725,1.2970
726,1.2860
727,1.2810
728,1.2680
729,1.2780
730,1.2900
731,1.3040
732,1.3310
733,1.3280
734,1.3250
735,1.3200
736,1.3230
737,1.3110
738,1.3070
739,1.3270
740,1.3290
741,1.3310
742,1.3100
743,1.3370
744,1.3440
745,1.3550
746,1.3420
747,1.3460
748,1.3640
749,1.3780
750,1.3780
751,1.3870
752,1.4090
753,1.4220
754,1.4050
755,1.4320
756,1.4180
757,1.3980
758,1.4130
759,1.4510
760,1.3780
761,1.3870
762,1.4090
763,1.4220
764,1.4050
765,1.4320
766,1.4180
767,1.3980
768,1.4130
769,1.4510
770,1.6060
771,1.6180
772,1.6620
773,1.6720
774,1.6560
775,1.6590
776,1.6090
777,1.6770
778,1.6930
779,1.6950
780,1.7210
781,1.7480
782,1.7910
783,1.7950
784,1.8030
785,1.7800
786,1.7670
787,1.8100
788,1.8140
789,1.8550
790,1.8580
791,1.9160
792,1.9160
793,1.9400
794,1.9340
795,1.9780
796,2.0400
797,2.0870
798,2.0610
799,2.0160
800,2.1140
801,2.1660
802,2.1210
803,2.1210
804,2.1830
805,2.2600
806,2.2750
807,2.3030
808,2.2370
809,2.2920
810,2.3380
811,2.3170
812,2.1740
813,2.1780
814,2.0890
815,2.0560
816,2.0870
817,2.1340
818,2.1660
819,2.1530
820,2.2290
821,2.2610
822,2.3210
823,2.3850
824,2.3870
825,2.3990
826,2.1890
827,2.2580
828,2.1760
829,2.2080
830,2.1760
831,2.2170
832,2.2740
833,2.3040
834,2.2900
835,2.2890
836,2.3040
837,2.2630
838,2.3060
839,2.2720
840,2.3250
841,2.3300
842,2.3470
843,2.3540
844,2.3500
845,2.3810
846,2.3890
847,2.4030
848,2.4100
849,2.4030
850,2.4560
851,2.0350
852,2.0490
853,2.0690
854,2.0800
855,2.1200
856,2.1480
857,2.1720
858,2.2010
859,2.1950
860,2.2470
861,2.2540
862,2.2540
863,2.1600
864,2.2370
865,2.3120
866,2.3150
867,2.3220
868,2.3510
869,2.3340
870,2.4140
871,2.4770
872,2.4860
873,2.4930
874,1.0000
875,1.0040
876,0.9950
877,1.0030
878,1.0110
879,1.0090
880,1.0130
881,1.0170
882,1.0280
883,1.0220
884,1.0330
885,1.0540
886,1.0780
887,1.0100
888,1.0310
889,1.0090
890,0.9440
891,0.9750
892,0.9850
893,1.0090
894,1.0150
895,1.0360
896,1.0580
897,1.0740
898,1.0640
899,1.0700
900,1.0980
901,1.1020
902,1.0840
903,1.0930
904,1.0650
905,1.0330
906,1.0430
907,1.0690
908,1.0330
909,1.0160
910,1.0160
911,1.0130
912,1.0300
913,1.0110
914,0.9670
915,1.0040
916,1.0300
917,1.0240
918,1.0270
919,1.0340
920,1.0340
921,1.0070
922,1.0310
923,1.0370
924,1.0350
925,1.0740
926,1.1170
927,1.1190
928,1.1410
929,1.1510
930,1.1500
931,1.1780
932,1.1890
933,1.1530
934,1.1920
935,1.2410
936,1.2670
937,1.2740
938,1.2600
939,1.2940
940,1.2820
941,1.2780
942,1.2950
943,1.2970
944,1.2710
945,1.2440
946,1.3110
947,1.3310
948,1.3490
949,1.3720
950,1.3930
951,1.4030
952,1.4070
953,1.3840
954,1.3950
955,1.4060
956,1.4340
957,1.4210
958,1.4180
959,1.4310
960,1.4030
961,1.4220
962,1.3630
963,1.3820
964,1.4210
965,1.4330
966,1.4550
967,1.4460
968,1.4340
969,1.4530
970,1.4500
971,1.4600
972,1.4470
973,1.4250
974,1.4430
975,1.4820
976,1.5060
977,1.5100
978,1.5140
979,1.5410
980,1.5390
981,1.5600
982,1.5760
983,1.5580
984,1.5070
985,1.5080
986,1.4770
987,1.4970
988,1.5090
989,1.4540
990,1.4690
991,1.5000
992,1.5190
993,1.5410
994,1.5190
995,1.4820
996,1.4500
997,1.4390
998,1.4480
999,1.3810
1000,1.3650
1001,1.3510
1002,1.3360
1003,1.3910
1004,1.3740
1005,1.3520
1006,1.3440
1007,1.3640
1008,1.3450
1009,1.2870
1010,1.3070
1011,1.2920
1012,1.2680
1013,1.2530
1014,1.3040
1015,1.2760
1016,1.2850
1017,1.3010
1018,1.3380
1019,1.3370
1020,1.3540
1021,1.3760
1022,1.3750
1023,1.3540
1024,1.3030
1025,1.3260
1026,1.2890
1027,1.2860
1028,1.3150
1029,1.3370
1030,1.3530
1031,1.3810
1032,1.3810
1033,1.3900
1034,1.4180
1035,1.4090
1036,1.4090
1037,1.4160
1038,1.4220
1039,1.4390
1040,1.4570
1041,1.4540
1042,1.4720
1043,1.4870
1044,1.4950
1045,1.5040
1046,1.4920
1047,1.4410
1048,1.4070
1049,1.4170
1050,1.3520
1051,1.2580
1052,1.3110
1053,1.3240
1054,1.3370
1055,1.2510
1056,1.2580
1057,1.2450
1058,1.2230
1059,1.2100
1060,1.3020
1061,1.2950
1062,1.2680
1063,1.2840
1064,1.2670
1065,1.2920
1066,1.3180
1067,1.2900
1068,1.2820
1069,1.2380
1070,1.1940
1071,1.1920
1072,1.2220
1073,1.2180
1074,1.2310
1075,1.2590
1076,1.2290
1077,1.2180
1078,1.2320
1079,1.2160
1080,1.1690
1081,1.1710
1082,1.1390
1083,1.1120
1084,1.1020
1085,1.0570
1086,1.0080
1087,1.0390
1088,1.0660
1089,1.0740
1090,1.0300
1091,1.0420
1092,1.0440
1093,1.0050
1094,1.0460
1095,1.0150
1096,0.9650
1097,0.9580
1098,0.9830
1099,1.0310
1100,1.0420
1101,0.9910
1102,1.0080
1103,1.0140
1104,0.9530
1105,0.9640
1106,0.9410
1107,0.9150
1108,0.8870
1109,0.8850
1110,0.8930
1111,0.9320
1112,1.0120
1113,1.0190
1114,1.0000
1115,1.0120
1116,1.0570
1117,1.0810
1118,1.0690
1119,1.0210
1120,0.8930
1121,0.9320
1122,1.0120
1123,1.0190
1124,1.0000
1125,1.0120
1126,1.0570
1127,1.0810
1128,1.0690
1129,1.0210
1130,0.9940
1131,0.9850
1132,0.9560
1133,0.9600
1134,0.9850
1135,0.9610
1136,0.9690
1137,0.9720
1138,0.9690
1139,0.9530
1140,0.9430
1141,0.9380
1142,0.8670
1143,0.8500
1144,0.8360
1145,0.8100
1146,0.8050
1147,0.7780
1148,0.8160
1149,0.7600
1150,0.7790
1151,0.7640
1152,0.7790
1153,0.8090
1154,0.8110
1155,0.7710
1156,0.7640
1157,0.7410
1158,0.7420
1159,0.7590
1160,0.7540
1161,0.7900
1162,0.7950
1163,0.8220
1164,0.8130
1165,0.8080
1166,0.8130
1167,0.7830
1168,0.7570
1169,0.7500
1170,0.7740
1171,0.7980
1172,0.7970
1173,0.7910
1174,0.8150
1175,0.8060
1176,0.8110
1177,0.7980
1178,0.7920
1179,0.7720
1180,0.7810
1181,0.7640
1182,0.7470
1183,0.7510
1184,0.7510
1185,0.7200
1186,0.6870
1187,0.6850
1188,0.6860
1189,0.6850
1190,0.6870
1191,0.6540
1192,0.6630
1193,0.7100
1194,0.6860
1195,0.6760
1196,0.6750
1197,0.6580
1198,0.6560
1199,0.6590
1200,0.6870
1201,0.6540
1202,0.6630
1203,0.7100
1204,0.6860
1205,0.6760
1206,0.6750
1207,0.6580
1208,0.6560
1209,0.6590
1210,0.5920
1211,0.5630
1212,0.5440
1213,0.5360
1214,0.5820
1215,0.6110
1216,0.5920
1217,0.5950
1218,0.6160
1219,0.6220
1220,0.5900
1221,0.5820
1222,0.5620
1223,0.5540
1224,0.5310
1225,0.5520
1226,0.5390
1227,0.5330
1228,0.5090
1229,0.5120
1230,0.5290
1231,0.5240
1232,0.5110
1233,0.5110
1234,0.4970
1235,0.4630
1236,0.4770
1237,0.4650
1238,0.4750
1239,0.4660
1240,0.4640
1241,0.4570
1242,0.4740
1243,0.4630
1244,0.4700
1245,0.5040
1246,0.4990
1247,0.5040
1248,0.5230
1249,0.5410
1250,0.5520
1251,0.5130
1252,0.5430
1253,0.5380
1254,0.5350
1255,0.5130
1256,0.5120
1257,0.5150
1258,0.5220
1259,0.5120
1260,0.5200
1261,0.5210
1262,0.5430
1263,0.5510
1264,0.5590
1265,0.5810
1266,0.5660
1267,0.5810
1268,0.5670
1269,0.5450
1270,0.5490
1271,0.5540
1272,0.5560
1273,0.5680
1274,0.5700
1275,0.5600
1276,0.5340
1277,0.5250
1278,0.5200
1279,0.5180
1280,0.5170
1281,0.5120
1282,0.5090
1283,0.5260
1284,0.5420
1285,0.5390
1286,0.5280
1287,0.5350
1288,0.5360
1289,0.5230
1290,0.5450
1291,0.5440
1292,0.5540
1293,0.5600
1294,0.5630
1295,0.5630
1296,0.5690
1297,0.5660
1298,0.5710
1299,0.5850
1300,0.6000
1301,0.5970
1302,0.6190
1303,0.6340
1304,0.6410
1305,0.6410
1306,0.6370
1307,0.6580
1308,0.6750
1309,0.6550
1310,0.6260
1311,0.6310
1312,0.6430
1313,0.6610
1314,0.6320
1315,0.6330
1316,0.6030
1317,0.5900
1318,0.5960
1319,0.5900
1320,0.6280
1321,0.6330
1322,0.6280
1323,0.6060
1324,0.6160
1325,0.6110
1326,0.6100
1327,0.6070
1328,0.6170
1329,0.6380
1330,0.6410
1331,0.6540
1332,0.6530
1333,0.6690
1334,0.6720
1335,0.6590
1336,0.6800
1337,0.6840
1338,0.6800
1339,0.6860
1340,0.6970
1341,0.7040
1342,0.7030
1343,0.7040
1344,0.6780
1345,0.6890
1346,0.7090
1347,0.7250
1348,0.7300
1349,0.7330
1350,0.7330
1351,0.7230
1352,0.7380
1353,0.7300
1354,0.7040
1355,0.7080
1356,0.7030
1357,0.6880
1358,0.6890
1359,0.7120
1360,0.7170
1361,0.7410
1362,0.7440
1363,0.7540
1364,0.7550
1365,0.7610
1366,0.7440
1367,0.7600
1368,0.7670
1369,0.7620
1370,0.7630
1371,0.7690
1372,0.7770
1373,0.7700
1374,0.7530
1375,0.7510
1376,0.7540
1377,0.7450
1378,0.7550
1379,0.7810
1380,0.7830
1381,0.8030
1382,0.8070
1383,0.8030
1384,0.8050
1385,0.8080
1386,0.8150
1387,0.8080
1388,0.7950
1389,0.8110
1390,0.8100
1391,0.8230
1392,0.8350
1393,0.8410
1394,0.8430
1395,0.8440
1396,0.8520
1397,0.8510
1398,0.8540
1399,0.8680
1400,0.8640
1401,0.8830
1402,0.8940
1403,0.9050
1404,0.9180
1405,0.9080
1406,0.9100
1407,0.9200
1408,0.9200
1409,0.9090
1410,0.9340
1411,0.9430
1412,0.9460
1413,0.9510
1414,0.9690
1415,0.9560
1416,0.9730
1417,0.9840
1418,0.9880
1419,1.0080
1420,1.0110
1421,0.9600
1422,0.9790
1423,1.0040
1424,1.0170
1425,1.0170
1426,1.0050
1427,0.9850
1428,0.9580
1429,0.9560
1430,0.9590
1431,0.9180
1432,0.9280
1433,0.9040
1434,0.8510
1435,0.8590
1436,0.8190
1437,0.8520
1438,0.8670
1439,0.8730
1440,0.8430
1441,0.8590
1442,0.8540
1443,0.8260
1444,0.7710
1445,0.7740
1446,0.7860
1447,0.8280
1448,0.8350
1449,0.8410
1450,0.8590
1451,0.8650
1452,0.8560
1453,0.8750
1454,0.8890
1455,0.8920
1456,0.8800
1457,0.8960
1458,0.8650
1459,0.8680
1460,0.8480
1461,0.8300
1462,0.8350
1463,0.8290
1464,0.8070
1465,0.8070
1466,0.8160
1467,0.8560
1468,0.8530
1469,0.8650
1470,0.8730
1471,0.8760
1472,0.8760
1473,0.8990
1474,0.9110
1475,0.9090
1476,0.9030
1477,0.9200
1478,0.9200
1479,0.8950
1480,0.8980
1481,0.8770
1482,0.8860
1483,0.9150
1484,0.9260
1485,0.9310
1486,0.9330
1487,0.9380
1488,0.9410
1489,0.9430
1490,0.9410
1491,0.9420
1492,0.9470
1493,0.9740
1494,0.9750
1495,0.9750
1496,0.9780
1497,0.9750
1498,0.9840
1499,0.9540
1500,0.9750
1501,0.9380
1502,0.9110
1503,0.9440
1504,0.9570
1505,0.9660
1506,0.9650
1507,0.9780
1508,0.9850
1509,0.9730
1510,0.9550
1511,0.9610
1512,0.9600
1513,0.9700
1514,0.9620
1515,0.9570
1516,0.9360
1517,0.9140
1518,0.9150
1519,0.8910
1520,0.8990
1521,0.9250
1522,0.9220
1523,0.9350
1524,0.9410
1525,0.9560
1526,0.9600
1527,0.9490
1528,0.9570
1529,0.9510
1530,0.9330
1531,0.9350
1532,0.9360
1533,0.9490
1534,0.9200
1535,0.9320
1536,0.9360
1537,0.9400
1538,0.9420
1539,0.9130
1540,0.9160
1541,0.9060
1542,0.8950
1543,0.8740
1544,0.8630
1545,0.8650
1546,0.8640
1547,0.8510
1548,0.8490
1549,0.8710
1550,0.8680
1551,0.8510
1552,0.8500
1553,0.8550
1554,0.8660
1555,0.8680
1556,0.8760
1557,0.8710
1558,0.8620
1559,0.8740
1560,0.8860
1561,0.8830
1562,0.8940
1563,0.8910
1564,0.8970
1565,0.8750
1566,0.8770
1567,0.8840
1568,0.8890
1569,0.8820
1570,0.8820
1571,0.8710
1572,0.8580
1573,0.8630
1574,0.8810
1575,0.8790
1576,0.8860
1577,0.8880
1578,0.8810
1579,0.8820
1580,0.8690
1581,0.8810
1582,0.9020
1583,0.9050
1584,0.8990
1585,0.9110
1586,0.9150
1587,0.9140
1588,0.9090
1589,0.8990
1590,0.9070
1591,0.9000
1592,0.9110
1593,0.9140
1594,0.9110
1595,0.9010
1596,0.8530
1597,0.8520
1598,0.8690
1599,0.8590
1600,0.8560
1601,0.8510
1602,0.8340
1603,0.8310
1604,0.8220
1605,0.8250
1606,0.8140
1607,0.8190
1608,0.7830
1609,0.7680
1610,0.7740
1611,0.7590
1612,0.7630
1613,0.7810
1614,0.7760
1615,0.7370
1616,0.7510
1617,0.7490
1618,0.7400
1619,0.7510
1620,0.7780
1621,0.7620
1622,0.7620
1623,0.7740
1624,0.7720
1625,0.7520
1626,0.7440
1627,0.7480
1628,0.7420
1629,0.7450
1630,0.7320
1631,0.7330
1632,0.7540
1633,0.7460
1634,0.7480
1635,0.7440
1636,0.7330
1637,0.7540
1638,0.7550
1639,0.7490
1640,0.7490
1641,0.7440
1642,0.7390
1643,0.7070
1644,0.6990
1645,0.6890
1646,0.6910
1647,0.6860
1648,0.6990
1649,0.7040
1650,0.7030
1651,0.7230
1652,0.7300
1653,0.7200
1654,0.7250
1655,0.7120
1656,0.7150
1657,0.7330
1658,0.7490
1659,0.7500
1660,0.7600
1661,0.7630
1662,0.7680
1663,0.7630
1664,0.7820
1665,0.7850
1666,0.7830
1667,0.7960
1668,0.7820
1669,0.7850
1670,0.7770
1671,0.7900
1672,0.7950
1673,0.7720
1674,0.7770
1675,0.7670
1676,0.7780
1677,0.7960
1678,0.8010
1679,0.8000
1680,0.8050
1681,0.7890
1682,0.7890
1683,0.7930
1684,0.7740
1685,0.7760
1686,0.7780
1687,0.7930
1688,0.7900
1689,0.7850
1690,0.7940
1691,0.7940
1692,0.8080
1693,0.8100
1694,0.8090
1695,0.7950
1696,0.7970
1697,0.8050
1698,0.8050
1699,0.7920
1700,0.7770
1701,0.7780
1702,0.7750
1703,0.7770
1704,0.7890
1705,0.7830
1706,0.7820
1707,0.7970
1708,0.8240
1709,0.8470
1710,0.8580
1711,0.8690
1712,0.8710
1713,0.8970
1714,0.8920
1715,0.9090
1716,0.9150
1717,0.9100
1718,0.9110
1719,0.9360
1720,0.9330
1721,0.9170
1722,0.9150
1723,0.9110
1724,0.9350
1725,0.9320
1726,0.9210
1727,0.9370
1728,0.9470
1729,0.9540
1730,0.9480
1731,0.9410
1732,0.9440
1733,0.8880
1734,0.8940
1735,0.8570
1736,0.8390
1737,0.8510
1738,0.8590
1739,0.8570
1740,0.8400
1741,0.8590
1742,0.8710
1743,0.8640
1744,0.8620
1745,0.8480
1746,0.8480
1747,0.8520
1748,0.8530
1749,0.8550
1750,0.8640
1751,0.8560
1752,0.8440
1753,0.8540
1754,0.8790
1755,0.8810
1756,0.8750
1757,0.8710
1758,0.8700
1759,0.8580
1760,0.8750
1761,0.8670
1762,0.8600
1763,0.8530
1764,0.8370
1765,0.8230
1766,0.8270
1767,0.8280
1768,0.8450
1769,0.8600
1770,0.8570
1771,0.8530
1772,0.8550
1773,0.8400
1774,0.8440
1775,0.8490
1776,0.8490
1777,0.8360
1778,0.8060
1779,0.8070
1780,0.8240
1781,0.7990
1782,0.8080
1783,0.8010
1784,0.7970
1785,0.8070
1786,0.8190
1787,0.8220
1788,0.8320
1789,0.8320
1790,0.8230
1791,0.8390
1792,0.8430
1793,0.8680
1794,0.8680
1795,0.8760
1796,0.8750
1797,0.8670
1798,0.8780
1799,0.8540
1800,0.8570
1801,0.8610
1802,0.8630
1803,0.8740
1804,0.8780
1805,0.8750
1806,0.8700
1807,0.8820
1808,0.8990
1809,0.9000
1810,0.9000
1811,0.8850
1812,0.8760
1813,0.8800
1814,0.8650
1815,0.8760
1816,0.8630
1817,0.8680
1818,0.8660
1819,0.8700
1820,0.8810
1821,0.8770
1822,0.8880
1823,0.8880
1824,0.8790
1825,0.8790
1826,0.8700
1827,0.8830
1828,0.8930
1829,0.8970
1830,0.9040
1831,0.8990
1832,0.8970
1833,0.9090
1834,0.9040
1835,0.9050
1836,0.9050
1837,0.8890
1838,0.8890
1839,0.8940
1840,0.8900
1841,0.8770
1842,0.8720
1843,0.8670
1844,0.8550
1845,0.8630
1846,0.8680
1847,0.8460
1848,0.8450
1849,0.8440
1850,0.8460
1851,0.8520
1852,0.8500
1853,0.8390
1854,0.8460
1855,0.8380
1856,0.8420
1857,0.8490
1858,0.8440
1859,0.8440
1860,0.8190
1861,0.8200
1862,0.8110
1863,0.8080
1864,0.8040
1865,0.8020
1866,0.8140
1867,0.8150
1868,0.8020
1869,0.8100
1870,0.8150
1871,0.8160
1872,0.8020
1873,0.8050
1874,0.8030
1875,0.8140
1876,0.8070
1877,0.7950
1878,0.7890
1879,0.7850
1880,0.7940
1881,0.7940
1882,0.8070
1883,0.8260
1884,0.8280
1885,0.8290
1886,0.8180
1887,0.8300
1888,0.8310
1889,0.8500
1890,0.8500
1891,0.8480
1892,0.8450
1893,0.8470
1894,0.8480
1895,0.8330
1896,0.8460
1897,0.8490
1898,0.8520
1899,0.8500
1900,0.8430
1901,0.8420
1902,0.8340
1903,0.8360
1904,0.8110
1905,0.8130
1906,0.8190
1907,0.8140
1908,0.8110
1909,0.8126
1910,0.8070
1911,0.8066
1912,0.8081
1913,0.7918
1914,0.7649
1915,0.7661
1916,0.7727
1917,0.7837
1918,0.7857
1919,0.7969
1920,0.7919
1921,0.7887
1922,0.7752
1923,0.7683
1924,0.7603
1925,0.7716
1926,0.7686
1927,0.7931
1928,0.7925
1929,0.7798
1930,0.7769
1931,0.7783
1932,0.7752
1933,0.7672
1934,0.7516
1935,0.7460
1936,0.7603
1937,0.7543
1938,0.7529
1939,0.7447
1940,0.7480
1941,0.7471
1942,0.7483
1943,0.7342
1944,0.7368
1945,0.7580
1946,0.7358
1947,0.7315
1948,0.7163
1949,0.7233
1950,0.7163
1951,0.7104
1952,0.7085
1953,0.7019
1954,0.7004
1955,0.7245
1956,0.7292
1957,0.7269
1958,0.7303
1959,0.7109
1960,0.7086
1961,0.6925
1962,0.6892
1963,0.7070
1964,0.7195
1965,0.7263
1966,0.7277
1967,0.7411
1968,0.7373
1969,0.7378
1970,0.7493
1971,0.7497
1972,0.7546
1973,0.7475
1974,0.7452
1975,0.7514
1976,0.7380
1977,0.7367
1978,0.7509
1979,0.7493
1980,0.7301
1981,0.7279
1982,0.7135
1983,0.7142
1984,0.7141
1985,0.7073
1986,0.7085
1987,0.7036
1988,0.7045
1989,0.7137
1990,0.6910
1991,0.7071
1992,0.7002
1993,0.6906
1994,0.6893
1995,0.6925
1996,0.6918
1997,0.6861
1998,0.6793
1999,0.6648
2000,0.6586
2001,0.6439
2002,0.6568
2003,0.6554
2004,0.6536
2005,0.6437
2006,0.6442
2007,0.6488
2008,0.6427
2009,0.6350
2010,0.6360
2011,0.6369
2012,0.6460
2013,0.6460
2014,0.6339
2015,0.6282
2016,0.6318
2017,0.6520
2018,0.6723
2019,0.6692
2020,0.6692
2021,0.6586
2022,0.6456
2023,0.6758
2024,0.6658
2025,0.6780
2026,0.6875
2027,0.6760
2028,0.6769
2029,0.6676
2030,0.6826
2031,0.6877
2032,0.6872
2033,0.6750
2034,0.6934
2035,0.6935
2036,0.6946
2037,0.6941
2038,0.6914
2039,0.6985
2040,0.6950
2041,0.6952
2042,0.6960
2043,0.7014
2044,0.7105
2045,0.7127
2046,0.7236
2047,0.7258
2048,0.7274
2049,0.7200
2050,0.7197
2051,0.7318
2052,0.7271
2053,0.7162
2054,0.7115
2055,0.7203
2056,0.7279
2057,0.7252
2058,0.7322
2059,0.7125
2060,0.7075
2061,0.7175
2062,0.7191
2063,0.7072
2064,0.7080
2065,0.7071
2066,0.6990
2067,0.6997
2068,0.6974
2069,0.6786
2070,0.6702
2071,0.6733
2072,0.6884
2073,0.6904
2074,0.6838
2075,0.6902
2076,0.6903
2077,0.7036
2078,0.7060
2079,0.7042
2080,0.6960
2081,0.7110
2082,0.7100
2083,0.7180
2084,0.7125
2085,0.7123
2086,0.7178
2087,0.7193
2088,0.7180
2089,0.7329
2090,0.7350
2091,0.7413
2092,0.7420
2093,0.7397
2094,0.7264
2095,0.7264
2096,0.7212
2097,0.7157
2098,0.7162
2099,0.7051
2100,0.7153
2101,0.7049
2102,0.7083
2103,0.7188
2104,0.7161
2105,0.7105
2106,0.7046
2107,0.7157
2108,0.7250
2109,0.7228
2110,0.7207
2111,0.7213
2112,0.7017
2113,0.7016
2114,0.7012
2115,0.6981
2116,0.6938
2117,0.7035
2118,0.6995
2119,0.7105
2120,0.7057
2121,0.7077
2122,0.7114
2123,0.7054
2124,0.7040
2125,0.6932
2126,0.6788
2127,0.6797
2128,0.6779
2129,0.6728
2130,0.6823
2131,0.6823
2132,0.6836
2133,0.6846
2134,0.6837
2135,0.6752
2136,0.6869
2137,0.6719
2138,0.6694
2139,0.6748
2140,0.6813
2141,0.6819
2142,0.6684
2143,0.6723
2144,0.6723
2145,0.6755
2146,0.6686
2147,0.6598
2148,0.6627
2149,0.6585
2150,0.6551
2151,0.6553
2152,0.6518
2153,0.6513
2154,0.6582
2155,0.6517
2156,0.6566
2157,0.6650
2158,0.6657
2159,0.6660
2160,0.6719
2161,0.6686
2162,0.6559
2163,0.6573
2164,0.6506
2165,0.6474
2166,0.6458
2167,0.6426
2168,0.6457
2169,0.6409
2170,0.6427
2171,0.6358
2172,0.6232
2173,0.6257
2174,0.6194
2175,0.6184
2176,0.6166
2177,0.6234
2178,0.6171
2179,0.6159
2180,0.6206
2181,0.6469
2182,0.6494
2183,0.6455
2184,0.6476
2185,0.6418
2186,0.6460
2187,0.6306
2188,0.6246
2189,0.6275
2190,0.6140
2191,0.6145
2192,0.6188
2193,0.6176
2194,0.6107
2195,0.6280
2196,0.6386
2197,0.6325
2198,0.6456
2199,0.6464
2200,0.6407
2201,0.6414
2202,0.6387
2203,0.6397
2204,0.6403
2205,0.6497
2206,0.6486
2207,0.6511
2208,0.6432
2209,0.6418
2210,0.6372
2211,0.6260
2212,0.6231
2213,0.6242
2214,0.6281
2215,0.6394
2216,0.6419
2217,0.6405
2218,0.6378
2219,0.6366
2220,0.6253
2221,0.6242
2222,0.6272
2223,0.6165
2224,0.6191
2225,0.6114
2226,0.6070
2227,0.6064
2228,0.6035
2229,0.6116
2230,0.6069
2231,0.6111
2232,0.6066
2233,0.5996
2234,0.5937
2235,0.5899
2236,0.5963
2237,0.5875
2238,0.5934
2239,0.6135
2240,0.6125
2241,0.6242
2242,0.6312
2243,0.6275
2244,0.6301
2245,0.6232
2246,0.6529
2247,0.6567
2248,0.6563
2249,0.6570
2250,0.6601
2251,0.6578
2252,0.6598
2253,0.6774
2254,0.6806
2255,0.6774
2256,0.6874
2257,0.6993
2258,0.7019
2259,0.7058
2260,0.7031
2261,0.7030
2262,0.7043
2263,0.6906
2264,0.7150
2265,0.7190
2266,0.7117
2267,0.7053
2268,0.7171
2269,0.7204
2270,0.7166
2271,0.7192
2272,0.7124
2273,0.7084
2274,0.7291
2275,0.7362
2276,0.7404
2277,0.7394
2278,0.7542
2279,0.7568
2280,0.7635
2281,0.7649
2282,0.7598
2283,0.7634
2284,0.7541
2285,0.7403
2286,0.7445
2287,0.7217
2288,0.7174
2289,0.7200
2290,0.7097
2291,0.7161
2292,0.7368
2293,0.7352
2294,0.7005
2295,0.7203
2296,0.7282
2297,0.7210
2298,0.7174
2299,0.7127
2300,0.7023
2301,0.6949
2302,0.6962
2303,0.6971
2304,0.6870
2305,0.6932
2306,0.7155
2307,0.7159
2308,0.7172
2309,0.7153
2310,0.7048
2311,0.7077
2312,0.6853
2313,0.6850
2314,0.6842
2315,0.6831
2316,0.6825
2317,0.6788
2318,0.6839
2319,0.6837
2320,0.6818
2321,0.6781
2322,0.6721
2323,0.6788
2324,0.6791
2325,0.6809
2326,0.6987
2327,0.6974
2328,0.6758
2329,0.6873
2330,0.6802
2331,0.6750
2332,0.6763
2333,0.6883
2334,0.6969
2335,0.6976
2336,0.7003
2337,0.6946
2338,0.6980
2339,0.6950
2340,0.6845
2341,0.6878
2342,0.6999
2343,0.7098
2344,0.7140
2345,0.7143
2346,0.7155
2347,0.7059
2348,0.7089
2349,0.7097
2350,0.7226
2351,0.7218
2352,0.7208
2353,0.7133
2354,0.7135
2355,0.7039
2356,0.7018
2357,0.6929
2358,0.6819
2359,0.6609
2360,0.6648
2361,0.6619
2362,0.6661
2363,0.6606
2364,0.6401
2365,0.6402
2366,0.6016
2367,0.6010
2368,0.6025
2369,0.6014
2370,0.6132
2371,0.6131
2372,0.6166
2373,0.6180
2374,0.6134
2375,0.6187
2376,0.6201
2377,0.6049
2378,0.6052
2379,0.6219
2380,0.6505
2381,0.6375
2382,0.6463
2383,0.6493
2384,0.6398
2385,0.6301
2386,0.6152
2387,0.6184
2388,0.6360
2389,0.6318
2390,0.6282
2391,0.6249
2392,0.6113
2393,0.6150
2394,0.6170
2395,0.6312
2396,0.6320
2397,0.6399
2398,0.6441
2399,0.6403
2400,0.6392
2401,0.6414
2402,0.6597
2403,0.6618
2404,0.6590
2405,0.6518
2406,0.6478
2407,0.6555
2408,0.6516
2409,0.6493
2410,0.6486
2411,0.6434
2412,0.6567
2413,0.6576
2414,0.6533
2415,0.6509
2416,0.6496
2417,0.6513
2418,0.6609
2419,0.6602
2420,0.6581
2421,0.6619
2422,0.6840
2423,0.6929
2424,0.6924
2425,0.6987
2426,0.6935
2427,0.6905
2428,0.6778
2429,0.6793
2430,0.6898
2431,0.6812
2432,0.6777
2433,0.6660
2434,0.6696
2435,0.6732
2436,0.6813
2437,0.6844
2438,0.6784
2439,0.6882
2440,0.6890
2441,0.6871
2442,0.6748
2443,0.6730
2444,0.6762
2445,0.6882
2446,0.6820
2447,0.6755
2448,0.6713
2449,0.6630
2450,0.6611
2451,0.6640
2452,0.6739
2453,0.6651
2454,0.6687
2455,0.6674
2456,0.6675
2457,0.6594
2458,0.6549
2459,0.6457
2460,0.6484
2461,0.6551
2462,0.6406
2463,0.6447
2464,0.6571
2465,0.6782
2466,0.6742
2467,0.6770
2468,0.6725
2469,0.6699
2470,0.6673
2471,0.6669
2472,0.6734
2473,0.6811
2474,0.6807
2475,0.6759
2476,0.6835
2477,0.6921
2478,0.6905
2479,0.6865
2480,0.6864
2481,0.6875
2482,0.6764
2483,0.6754
2484,0.6754
2485,0.6649
2486,0.6616
2487,0.6622
2488,0.6553
2489,0.6405
2490,0.6426
2491,0.6439
2492,0.6484
2493,0.6376
2494,0.6476
2495,0.6467
2496,0.6552
2497,0.6525
2498,0.6437
2499,0.6302
2500,0.6300
2501,0.6312
2502,0.6262
2503,0.6218
2504,0.6186
2505,0.6244
2506,0.6237
2507,0.6247
2508,0.6165
2509,0.6117
2510,0.6179
2511,0.6336
2512,0.6319
2513,0.6362
2514,0.6283
2515,0.6294
2516,0.6319
2517,0.6248
2518,0.6273
2519,0.6424
2520,0.6466
2521,0.6483
2522,0.6454
2523,0.6502
2524,0.6547
2525,0.6470
2526,0.6545
2527,0.6483
2528,0.6423
2529,0.6285
2530,0.6138
2531,0.6142
2532,0.6110
2533,0.6170
2534,0.6211
2535,0.6196
2536,0.6139
2537,0.6172
2538,0.6158
2539,0.5977
2540,0.5999
2541,0.6018
2542,0.6086
2543,0.6038
2544,0.6099
2545,0.6086
2546,0.6041
2547,0.5955
2548,0.6152
2549,0.6195
2550,0.6195
2551,0.6184
2552,0.6147
2553,0.6139
2554,0.6127
2555,0.6175
2556,0.6223
2557,0.6179
2558,0.6232
2559,0.6373
2560,0.6374
2561,0.6474
2562,0.6466
2563,0.6456
2564,0.6354
2565,0.6360
2566,0.6339
2567,0.6337
2568,0.6238
2569,0.6270
2570,0.6265
2571,0.6257
2572,0.6193
2573,0.6101
2574,0.6165
2575,0.6174
2576,0.6171
2577,0.6173
2578,0.6119
2579,0.6124
2580,0.6114
2581,0.6240
2582,0.6227
2583,0.6221
2584,0.6144
2585,0.6145
2586,0.6067
2587,0.6067
2588,0.6120
2589,0.6109
2590,0.6164
2591,0.6183
2592,0.6159
2593,0.6218
2594,0.6184
2595,0.6189
2596,0.6176
2597,0.6118
2598,0.6183
2599,0.6142
2600,0.6138
2601,0.6212
2602,0.6208
2603,0.6187
2604,0.6262
2605,0.6305
2606,0.6239
2607,0.6206
2608,0.6113
2609,0.6149
2610,0.6144
2611,0.6184
2612,0.6160
2613,0.6204
2614,0.6214
2615,0.6260
2616,0.6254
2617,0.6285
2618,0.6322
2619,0.6321
2620,0.6324
2621,0.6333
2622,0.6245
2623,0.6250
2624,0.6292
2625,0.6379
2626,0.6380
2627,0.6370
2628,0.6340
2629,0.6379
2630,0.6381
2631,0.6456
2632,0.6480
2633,0.6598
2634,0.6668
2635,0.6843
2636,0.6852
2637,0.6825
2638,0.6905
2639,0.6841
2640,0.6983
2641,0.6964
2642,0.6935
2643,0.6831
2644,0.6849
2645,0.6950
2646,0.6919
2647,0.6926
2648,0.6874
2649,0.6946
2650,0.6981
2651,0.6980
2652,0.6954
2653,0.6917
2654,0.6951
2655,0.6896
2656,0.6832
2657,0.6843
2658,0.6794
2659,0.6875
2660,0.6924
2661,0.7006
2662,0.7068
2663,0.7115
2664,0.7181
2665,0.7169
2666,0.7134
2667,0.7111
2668,0.7166
2669,0.7159
2670,0.7027
2671,0.7052
2672,0.7082
2673,0.7135
2674,0.7010
2675,0.7073
2676,0.7191
2677,0.7166
2678,0.7163
2679,0.7190
2680,0.7211
2681,0.7285
2682,0.7301
2683,0.7260
2684,0.7233
2685,0.7208
2686,0.7251
2687,0.7209
2688,0.7191
2689,0.7230
2690,0.7173
2691,0.7144
2692,0.7089
2693,0.7077
2694,0.7018
2695,0.7156
2696,0.7256
2697,0.7305
2698,0.7424
2699,0.7430
2700,0.7414
2701,0.7390
2702,0.7399
2703,0.7396
2704,0.7567
2705,0.7541
2706,0.7640
2707,0.7600
2708,0.7608
2709,0.7578
2710,0.7491
2711,0.7460
2712,0.7469
2713,0.7587
2714,0.7759
2715,0.7873
2716,0.7987
2717,0.8093
2718,0.8254
2719,0.8277
2720,0.8564
2721,0.8669
2722,0.9082
2723,0.9149
2724,0.9509
2725,0.9056
2726,0.9383
2727,0.9265
2728,0.9292
2729,0.9377
2730,0.9649
2731,0.9814
2732,0.9787
2733,0.9884
2734,0.9917
2735,0.9701
2736,0.9416
2737,0.9694
2738,1.0022
2739,1.0061
2740,1.0102
2741,1.0337
2742,1.0689
2743,1.0711
2744,1.0713
2745,1.0493
2746,1.0481
2747,1.0402
2748,1.0397
2749,1.0362
2750,1.0662
2751,1.0740
2752,0.9946
2753,1.0058
2754,1.0487
2755,1.0522
2756,1.0530
2757,1.0589
2758,1.0512
2759,1.0378
2760,1.0236
2761,1.0120
2762,0.9917
2763,1.0147
2764,1.0068
2765,0.9985
2766,0.9849
2767,0.9943
2768,1.0118
2769,1.0205
2770,1.0251
2771,1.0317
2772,1.0400
2773,1.0468
2774,1.0346
2775,1.0592
2776,1.0610
2777,1.0672
2778,1.0407
2779,1.0483
2780,1.0375
2781,1.0347
2782,1.0539
2783,1.0492
2784,1.0523
2785,1.0737
2786,1.0809
2787,1.1070
2788,1.1211
2789,1.1456
2790,1.1434
2791,1.1571
2792,1.1806
2793,1.1760
2794,1.1659
2795,1.1720
2796,1.1793
2797,1.2149
2798,1.2059
2799,1.2275
2800,1.2294
2801,1.2415
2802,1.2689
2803,1.2846
2804,1.2761
2805,1.3028
2806,1.3226
2807,1.3226
2808,1.3053
2809,1.3428
2810,1.3633
2811,1.3399
2812,1.3685
2813,1.4022
2814,1.4027
2815,1.3897
2816,1.4215
2817,1.4057
2818,1.4151
2819,1.4097
2820,1.4224
2821,1.3657
2822,1.3554
2823,1.3362
2824,1.3617
2825,1.3979
2826,1.4134
2827,1.4064
2828,1.3972
2829,1.3745
2830,1.3637
2831,1.4097
2832,1.4194
2833,1.4494
2834,1.4846
2835,1.5316
2836,1.5604
2837,1.5545
2838,1.4515
2839,1.4538
2840,1.5235
2841,1.5470
2842,1.5455
2843,1.5555
2844,1.5746
2845,1.6063
2846,1.5843
2847,1.5868
2848,1.5880
2849,1.5990
2850,1.5636
2851,1.5174
2852,1.5409
2853,1.4847
2854,1.4066
2855,1.4548
2856,1.4829
2857,1.4342
2858,1.3302
2859,1.2918
2860,1.3737
2861,1.3058
2862,1.2644
2863,1.1956
2864,1.2297
2865,1.2120
2866,1.1273
2867,1.2017
2868,1.2686
2869,1.3028
2870,1.2694
2871,1.2263
2872,1.2364
2873,1.2828
2874,1.2870
2875,1.2920
2876,1.2899
2877,1.3199
2878,1.2983
2879,1.1921
2880,1.1867
2881,1.2233
2882,1.1886
2883,1.1865
2884,1.1856
2885,1.2231
2886,1.2035
2887,1.1939
2888,1.2187
2889,1.2753
2890,1.2704
2891,1.2551
2892,1.2731
2893,1.2748
2894,1.2772
2895,1.1963
2896,1.2161
2897,1.1777
2898,1.1253
2899,1.0284
2900,0.9533
2901,0.9491
2902,1.0078
2903,1.0513
2904,1.0554
2905,1.0514
2906,1.0543
2907,1.0187
2908,1.0461
2909,1.0667
2910,1.0543
2911,1.0511
2912,1.0282
2913,0.9882
2914,1.0382
2915,1.0165
2916,1.0223
2917,1.0409
2918,1.0521
2919,1.0275
2920,1.0353
2921,1.0177
2922,1.0224
2923,1.0037
2924,1.0134
2925,1.0434
2926,1.0574
2927,1.0938
2928,1.0942
2929,1.0846
2930,1.1099
2931,1.1266
2932,1.1268
2933,1.1401
2934,1.1068
2935,1.1245
2936,1.1429
2937,1.1484
2938,1.1508
2939,1.1289
2940,1.1322
2941,1.1327
2942,1.1152
2943,1.1132
2944,1.1657
2945,1.1930
2946,1.2205
2947,1.2356
2948,1.2329
2949,1.2335
2950,1.2226
2951,1.2059
2952,1.2164
2953,1.2155
2954,1.2028
2955,1.2195
2956,1.2217
2957,1.2171
2958,1.2183
2959,1.2286
2960,1.2210
2961,1.1571
2962,1.1629
2963,1.1734
2964,1.2138
2965,1.2233
2966,1.2015
2967,1.2029
2968,1.1819
2969,1.1859
2970,1.1830
2971,1.1784
2972,1.2120
2973,1.2070
2974,1.2050
2975,1.2278
2976,1.2312
2977,1.2633
2978,1.2656
2979,1.2640
2980,1.2528
2981,1.2581
2982,1.2232
2983,1.2363
2984,1.2375
2985,1.2270
2986,1.1441
2987,1.1500
2988,1.1718
2989,1.0936
2990,1.1167
2991,1.0622
2992,1.0665
2993,1.0473
2994,1.0688
2995,1.0331
2996,1.0371
2997,1.0565
2998,1.0424
2999,1.0114
3000,1.0230
3001,1.0283
3002,0.9662
3003,0.9633
3004,0.9403
3005,0.9719
3006,0.9592
3007,0.9794
3008,0.9770
3009,0.9899
3010,0.9842
3011,0.9791
3012,1.0090
3013,1.0173
3014,1.0139
3015,1.0133
3016,1.0367
3017,1.0265
3018,1.0340
3019,0.9689
3020,0.9791
3021,0.9565
3022,0.9742
3023,1.0180
3024,1.0204
3025,1.0295
3026,1.0337
3027,1.0347
3028,1.0236
3029,1.0047
3030,1.0040
3031,1.0194
3032,1.0224
3033,1.0262
3034,1.0377
3035,1.0556
3036,1.0821
3037,1.0737
3038,1.0773
3039,1.0606
3040,1.0665
3041,1.0567
3042,1.0458
3043,1.0729
3044,1.0730
3045,1.0758
3046,1.0907
3047,1.0899
3048,1.0753
3049,1.0683
3050,1.0856
3051,1.0811
3052,1.0946
3053,1.0997
3054,1.0997
3055,1.0857
3056,1.0885
3057,1.0684
3058,1.0628
3059,1.0686
3060,1.0650
3061,1.0715
3062,1.0679
3063,1.0662
3064,1.0661
3065,1.0852
3066,1.0852
3067,1.0865
3068,1.0572
3069,1.0346
3070,1.0342
3071,1.0397
3072,1.0419
3073,1.0364
3074,1.0435
3075,1.0401
3076,1.0314
3077,1.0282
3078,1.0338
3079,1.0390
3080,1.0315
3081,1.0299
3082,1.0311
3083,1.0295
3084,1.0310
3085,1.0656
3086,1.0627
3087,1.0649
3088,1.0728
3089,1.0717
3090,1.0700
3091,1.0661
3092,1.0371
3093,1.0403
3094,1.0544
3095,1.0497
3096,1.0561
3097,1.0576
3098,1.0544
3099,1.0639
3100,1.0700
3101,1.0661
3102,1.0371
3103,1.0403
3104,1.0544
3105,1.0497
3106,1.0561
3107,1.0576
3108,1.0544
3109,1.0639
3110,1.0609
3111,1.0492
3112,1.0641
3113,1.0693
3114,1.0745
3115,1.0765
3116,1.0789
3117,1.1005
3118,1.1043
3119,1.1091
3120,1.1324
3121,1.1223
3122,1.1245
3123,1.1379
3124,1.1215
3125,1.1235
3126,1.1205
3127,1.1133
3128,1.1172
3129,1.1187
3130,1.1201
3131,1.1211
3132,1.1304
3133,1.1365
3134,1.1307
3135,1.1279
3136,1.1494
3137,1.1799
3138,1.1747
3139,1.1740
3140,1.1709
3141,1.1734
3142,1.1639
3143,1.1659
3144,1.1629
3145,1.1571
3146,1.1569
3147,1.1577
3148,1.1584
3149,1.1616
3150,1.1528
3151,1.1555
3152,1.1560
3153,1.1617
3154,1.1617
3155,1.1627
3156,1.1564
3157,1.1372
3158,1.1353
3159,1.1273
3160,1.1368
3161,1.1352
3162,1.1369
3163,1.1447
3164,1.1402
3165,1.1217
3166,1.1287
3167,1.1256
3168,1.1296
3169,1.1334
3170,1.1459
3171,1.1490
3172,1.1466
3173,1.1461
3174,1.1487
3175,1.1400
3176,1.1554
3177,1.1550
3178,1.1554
3179,1.1594
3180,1.1715
3181,1.1733
3182,1.1683
3183,1.1652
3184,1.1635
3185,1.1642
3186,1.1715
3187,1.1625
3188,1.1730
3189,1.1707
3190,1.1731
3191,1.1773
3192,1.1695
3193,1.1822
3194,1.1905
3195,1.1948
3196,1.1938
3197,1.1933
3198,1.1952
3199,1.1888
3200,1.1983
3201,1.2088
3202,1.2123
3203,1.2164
3204,1.2300
3205,1.2358
3206,1.2466
3207,1.2350
3208,1.2446
3209,1.2315
3210,1.2123
3211,1.2086
3212,1.2145
3213,1.2135
3214,1.2249
3215,1.1989
3216,1.1979
3217,1.1886
3218,1.1725
3219,1.1732
3220,1.1683
3221,1.1621
3222,1.1736
3223,1.1730
3224,1.1638
3225,1.1703
3226,1.1683
3227,1.1632
3228,1.1623
3229,1.1679
3230,1.1678
3231,1.1807
3232,1.1923
3233,1.1912
3234,1.1867
3235,1.1940
3236,1.1925
3237,1.1840
3238,1.1771
3239,1.1789
3240,1.1797
3241,1.1817
3242,1.1883
3243,1.1843
3244,1.1946
3245,1.1987
3246,1.2007
3247,1.2066
3248,1.2104
3249,1.2020
3250,1.2052
3251,1.2043
3252,1.2087
3253,1.2133
3254,1.2205
3255,1.2272
3256,1.2283
3257,1.2223
3258,1.2283
3259,1.2191
3260,1.2377
3261,1.2425
3262,1.2464
3263,1.2428
3264,1.2400
3265,1.2313
3266,1.2355
3267,1.2383
3268,1.2304
3269,1.2301
3270,1.2354
3271,1.2360
3272,1.2337
3273,1.2248
3274,1.2264
3275,1.2362
3276,1.2368
3277,1.2385
3278,1.2473
3279,1.2353
3280,1.2365
3281,1.2410
3282,1.2337
3283,1.2366
3284,1.2462
3285,1.2422
3286,1.2386
3287,1.2357
3288,1.2282
3289,1.2360
3290,1.2538
3291,1.2567
3292,1.2572
3293,1.2525
3294,1.2554
3295,1.2497
3296,1.2509
3297,1.2415
3298,1.2377
3299,1.2341
3300,1.2285
3301,1.2343
3302,1.2375
3303,1.2243
3304,1.2264
3305,1.2267
3306,1.2265
3307,1.2238
3308,1.2185
3309,1.2147
3310,1.2115
3311,1.2018
3312,1.1960
3313,1.1950
3314,1.1891
3315,1.1947
3316,1.2032
3317,1.2095
3318,1.2191
3319,1.2132
3320,1.2111
3321,1.2115
3322,1.2130
3323,1.2163
3324,1.2163
3325,1.2361
3326,1.2335
3327,1.2366
3328,1.2392
3329,1.2357
3330,1.2283
3331,1.2361
3332,1.2520
3333,1.2630
3334,1.2708
3335,1.2726
3336,1.2758
3337,1.2614
3338,1.2570
3339,1.2556
3340,1.2680
3341,1.2673
3342,1.2786
3343,1.2777
3344,1.2882
3345,1.3082
3346,1.3117
3347,1.3054
3348,1.3131
3349,1.3144
3350,1.2680
3351,1.2673
3352,1.2786
3353,1.2777
3354,1.2882
3355,1.3082
3356,1.3117
3357,1.3054
3358,1.3131
3359,1.3144
3360,1.3110
3361,1.3020
3362,1.3180
3363,1.3221
3364,1.3246
3365,1.3274
3366,1.3324
3367,1.3295
3368,1.3374
3369,1.3465
3370,1.3335
3371,1.3345
3372,1.3566
3373,1.3618
3374,1.3553
3375,1.3594
3376,1.3523
3377,1.3477
3378,1.3440
3379,1.3494
3380,1.3587
3381,1.3682
3382,1.3652
3383,1.3544
3384,1.3486
3385,1.3540
3386,1.3543
3387,1.3550
3388,1.3473
3389,1.3234
3390,1.3587
3391,1.3682
3392,1.3652
3393,1.3544
3394,1.3486
3395,1.3540
3396,1.3543
3397,1.3550
3398,1.3473
3399,1.3234
3400,1.3366
3401,1.3396
3402,1.3375
3403,1.3449
3404,1.3456
3405,1.3522
3406,1.3555
3407,1.3543
3408,1.3471
3409,1.3702
3410,1.3366
3411,1.3396
3412,1.3375
3413,1.3449
3414,1.3456
3415,1.3522
3416,1.3555
3417,1.3543
3418,1.3471
3419,1.3702
3420,1.3925
3421,1.3962
3422,1.3992
3423,1.3954
3424,1.3906
3425,1.3949
3426,1.3908
3427,1.3958
3428,1.3918
3429,1.3945
3430,1.3889
3431,1.3913
3432,1.3943
3433,1.3935
3434,1.3989
3435,1.4127
3436,1.4128
3437,1.4157
3438,1.4201
3439,1.4236
3440,1.4197
3441,1.4186
3442,1.4300
3443,1.4269
3444,1.4257
3445,1.4300
3446,1.4400
3447,1.4486
3448,1.4523
3449,1.4596
3450,1.4554
3451,1.4538
3452,1.4508
3453,1.4471
3454,1.4459
3455,1.4600
3456,1.4699
3457,1.4672
3458,1.4774
3459,1.4917
